ID,Labels
000.png,0
001.png,0
0010.png,0
0011.png,0
0012.png,0
0015.png,0
0016.png,0
0017.png,0
0019.png,0
0021.png,0
0025.png,0
0026.png,0
0029.png,0
0030.png,0
0031.png,0
0032.png,0
0033.png,0
0037.png,0
0038.png,0
0039.png,0
004.png,0
0040.png,0
0041.png,0
0043.png,0
0044.png,0
0045.png,0
0047.png,0
0048.png,0
0049.png,0
005.png,0
0050.png,0
0051.png,0
0052.png,0
0053.png,0
0055.png,0
0056.png,0
0058.png,0
0059.png,0
006.png,0
0060.png,0
0061.png,0
0062.png,0
0063.png,0
0064.png,0
0065.png,0
0066.png,0
0067.png,0
0068.png,0
0069.png,0
007.png,0
009.png,0
10100.png,1
101000.png,1
101001.png,1
101003.png,1
101004.png,1
101005.png,1
101007.png,1
101008.png,1
101009.png,1
10101.png,1
101010.png,1
101011.png,1
101012.png,1
101013.png,1
101014.png,1
101017.png,1
101018.png,1
101019.png,1
101021.png,1
101022.png,1
101023.png,1
101024.png,1
101026.png,1
101027.png,1
101028.png,1
101029.png,1
101030.png,1
101031.png,1
101032.png,1
101034.png,1
101035.png,1
101036.png,1
101037.png,1
101038.png,1
101039.png,1
101040.png,1
101041.png,1
101042.png,1
101043.png,1
101044.png,1
101049.png,1
10105.png,1
101050.png,1
101051.png,1
101054.png,1
101055.png,1
101056.png,1
101057.png,1
101058.png,1
10106.png,1
101061.png,1
101062.png,1
101064.png,1
101065.png,1
101066.png,1
101067.png,1
101068.png,1
101069.png,1
101070.png,1
101072.png,1
101073.png,1
101074.png,1
101078.png,1
101079.png,1
10108.png,1
101080.png,1
101081.png,1
101082.png,1
101084.png,1
101085.png,1
101086.png,1
101087.png,1
101088.png,1
101090.png,1
101091.png,1
101092.png,1
101093.png,1
101094.png,1
101095.png,1
101096.png,1
101097.png,1
101098.png,1
101099.png,1
10110.png,1
101104.png,1
101107.png,1
101108.png,1
101109.png,1
10111.png,1
101110.png,1
101113.png,1
101114.png,1
101116.png,1
101118.png,1
10112.png,1
101120.png,1
101122.png,1
101125.png,1
101126.png,1
101127.png,1
101128.png,1
101130.png,1
101133.png,1
101134.png,1
101136.png,1
101137.png,1
101138.png,1
10114.png,1
101140.png,1
101144.png,1
101146.png,1
101148.png,1
10115.png,1
101150.png,1
101151.png,1
101152.png,1
101153.png,1
101154.png,1
101155.png,1
101157.png,1
101158.png,1
101159.png,1
10116.png,1
101160.png,1
101163.png,1
101164.png,1
101165.png,1
101167.png,1
101168.png,1
10117.png,1
101171.png,1
101172.png,1
101173.png,1
101174.png,1
101176.png,1
101178.png,1
101179.png,1
10118.png,1
101181.png,1
101183.png,1
101184.png,1
101185.png,1
101186.png,1
101189.png,1
10119.png,1
101190.png,1
101191.png,1
101195.png,1
101196.png,1
101197.png,1
101198.png,1
10120.png,1
101201.png,1
101202.png,1
101203.png,1
101204.png,1
101205.png,1
101206.png,1
101207.png,1
101208.png,1
101210.png,1
101211.png,1
101213.png,1
101214.png,1
101215.png,1
101216.png,1
101217.png,1
101218.png,1
101219.png,1
10122.png,1
101220.png,1
101221.png,1
101222.png,1
101223.png,1
101224.png,1
101225.png,1
101227.png,1
10123.png,1
101231.png,1
101232.png,1
101233.png,1
101234.png,1
101235.png,1
101237.png,1
10124.png,1
101240.png,1
101242.png,1
101243.png,1
101244.png,1
101246.png,1
101247.png,1
101248.png,1
10125.png,1
101252.png,1
101253.png,1
101254.png,1
101255.png,1
101256.png,1
101257.png,1
101259.png,1
101260.png,1
101261.png,1
101263.png,1
101265.png,1
101267.png,1
101269.png,1
10127.png,1
101271.png,1
101273.png,1
101276.png,1
101277.png,1
101278.png,1
101279.png,1
10128.png,1
101280.png,1
101281.png,1
101282.png,1
101283.png,1
101287.png,1
101288.png,1
10129.png,1
101290.png,1
101292.png,1
101294.png,1
101296.png,1
101297.png,1
101298.png,1
101299.png,1
101300.png,1
101301.png,1
101302.png,1
101303.png,1
101304.png,1
101305.png,1
101306.png,1
101307.png,1
101309.png,1
10131.png,1
101310.png,1
101312.png,1
101313.png,1
101314.png,1
101315.png,1
101316.png,1
101317.png,1
101319.png,1
10132.png,1
101320.png,1
101322.png,1
101323.png,1
101324.png,1
101325.png,1
101326.png,1
101328.png,1
101329.png,1
10133.png,1
101330.png,1
101331.png,1
101333.png,1
101334.png,1
101336.png,1
101337.png,1
101338.png,1
10134.png,1
101340.png,1
101342.png,1
101343.png,1
101344.png,1
101345.png,1
101349.png,1
10135.png,1
101350.png,1
101352.png,1
101353.png,1
101356.png,1
101357.png,1
101358.png,1
10136.png,1
101360.png,1
101361.png,1
101363.png,1
101364.png,1
101365.png,1
101367.png,1
10137.png,1
101370.png,1
101371.png,1
101372.png,1
101373.png,1
101374.png,1
101375.png,1
101376.png,1
101378.png,1
101379.png,1
10138.png,1
101380.png,1
10139.png,1
10141.png,1
10142.png,1
10144.png,1
10145.png,1
10147.png,1
10148.png,1
10149.png,1
10150.png,1
10152.png,1
10154.png,1
10155.png,1
10156.png,1
10157.png,1
10159.png,1
10160.png,1
10161.png,1
10162.png,1
10167.png,1
10168.png,1
10169.png,1
10170.png,1
10174.png,1
10175.png,1
10176.png,1
10177.png,1
10180.png,1
10181.png,1
10183.png,1
10184.png,1
10185.png,1
10188.png,1
10189.png,1
10190.png,1
10191.png,1
10193.png,1
10194.png,1
10196.png,1
10197.png,1
10198.png,1
10199.png,1
10202.png,1
10204.png,1
10205.png,1
10207.png,1
10209.png,1
10211.png,1
10214.png,1
10215.png,1
10216.png,1
10217.png,1
10219.png,1
10220.png,1
10222.png,1
10223.png,1
10224.png,1
10226.png,1
10228.png,1
10229.png,1
10230.png,1
10231.png,1
10232.png,1
10233.png,1
10234.png,1
10236.png,1
10237.png,1
10239.png,1
10241.png,1
10243.png,1
10244.png,1
10245.png,1
10246.png,1
10248.png,1
10249.png,1
10250.png,1
10251.png,1
10252.png,1
10254.png,1
10255.png,1
10256.png,1
10257.png,1
10258.png,1
10259.png,1
10261.png,1
10264.png,1
10265.png,1
10266.png,1
10268.png,1
10269.png,1
10270.png,1
10271.png,1
10272.png,1
10273.png,1
10274.png,1
10275.png,1
10276.png,1
10277.png,1
10278.png,1
10279.png,1
10280.png,1
10281.png,1
10283.png,1
10284.png,1
10285.png,1
10286.png,1
10287.png,1
10290.png,1
10291.png,1
10292.png,1
10293.png,1
10294.png,1
10295.png,1
10296.png,1
10298.png,1
10299.png,1
10300.png,1
10301.png,1
10302.png,1
10305.png,1
10307.png,1
10308.png,1
10309.png,1
10311.png,1
10313.png,1
10314.png,1
10315.png,1
10316.png,1
10317.png,1
10319.png,1
10327.png,1
10328.png,1
10329.png,1
10331.png,1
10333.png,1
10334.png,1
10335.png,1
10337.png,1
10338.png,1
10340.png,1
10343.png,1
10345.png,1
10347.png,1
10348.png,1
10349.png,1
10352.png,1
10353.png,1
10355.png,1
10356.png,1
10359.png,1
10360.png,1
10361.png,1
10363.png,1
10364.png,1
10365.png,1
10368.png,1
10369.png,1
10370.png,1
10371.png,1
10372.png,1
10373.png,1
10374.png,1
10376.png,1
10377.png,1
10378.png,1
10379.png,1
10380.png,1
10381.png,1
10382.png,1
10383.png,1
10385.png,1
10387.png,1
10388.png,1
10390.png,1
10392.png,1
10393.png,1
10394.png,1
10395.png,1
10396.png,1
10397.png,1
10399.png,1
10402.png,1
10404.png,1
10405.png,1
10406.png,1
10407.png,1
10409.png,1
10410.png,1
10412.png,1
10413.png,1
10414.png,1
10415.png,1
10416.png,1
10417.png,1
10418.png,1
10419.png,1
10420.png,1
10421.png,1
10423.png,1
10426.png,1
10427.png,1
10428.png,1
10430.png,1
10431.png,1
10432.png,1
10434.png,1
10435.png,1
10436.png,1
10437.png,1
10438.png,1
10439.png,1
10440.png,1
10442.png,1
10443.png,1
10444.png,1
10445.png,1
10446.png,1
10447.png,1
10448.png,1
10449.png,1
10452.png,1
10454.png,1
10455.png,1
10457.png,1
10460.png,1
10461.png,1
10462.png,1
10463.png,1
10464.png,1
10465.png,1
10466.png,1
10467.png,1
10468.png,1
10469.png,1
10471.png,1
10472.png,1
10473.png,1
10475.png,1
10476.png,1
10477.png,1
10479.png,1
10480.png,1
10482.png,1
10483.png,1
10484.png,1
10486.png,1
10488.png,1
10489.png,1
10490.png,1
10491.png,1
10493.png,1
10495.png,1
10497.png,1
10498.png,1
10499.png,1
10500.png,1
10501.png,1
10502.png,1
10503.png,1
10504.png,1
10506.png,1
10508.png,1
10509.png,1
10510.png,1
10511.png,1
10512.png,1
10514.png,1
10515.png,1
10516.png,1
10517.png,1
10518.png,1
10519.png,1
10520.png,1
10522.png,1
10523.png,1
10526.png,1
10527.png,1
10528.png,1
10529.png,1
10531.png,1
10532.png,1
10534.png,1
10535.png,1
10536.png,1
10538.png,1
10539.png,1
10542.png,1
10543.png,1
10545.png,1
10552.png,1
10553.png,1
10555.png,1
10557.png,1
10559.png,1
10560.png,1
10562.png,1
10563.png,1
10567.png,1
10568.png,1
10569.png,1
10570.png,1
10571.png,1
10573.png,1
10574.png,1
10575.png,1
10576.png,1
10577.png,1
10578.png,1
10579.png,1
10580.png,1
10581.png,1
10582.png,1
10583.png,1
10584.png,1
10587.png,1
10588.png,1
10589.png,1
10590.png,1
10591.png,1
10593.png,1
10594.png,1
10595.png,1
10596.png,1
10597.png,1
10601.png,1
10604.png,1
10605.png,1
10606.png,1
10608.png,1
10610.png,1
10611.png,1
10612.png,1
10613.png,1
10615.png,1
10616.png,1
10617.png,1
10618.png,1
10619.png,1
10620.png,1
10622.png,1
10623.png,1
10624.png,1
10625.png,1
10626.png,1
10627.png,1
10628.png,1
10629.png,1
10635.png,1
10637.png,1
10639.png,1
10640.png,1
10641.png,1
10644.png,1
10646.png,1
10648.png,1
10649.png,1
10650.png,1
10652.png,1
10653.png,1
10654.png,1
10656.png,1
10659.png,1
10660.png,1
10661.png,1
10663.png,1
10666.png,1
10668.png,1
10669.png,1
10670.png,1
10671.png,1
10672.png,1
10674.png,1
10676.png,1
10677.png,1
10679.png,1
10680.png,1
10682.png,1
10684.png,1
10685.png,1
10688.png,1
10689.png,1
10690.png,1
10691.png,1
10692.png,1
10696.png,1
10697.png,1
10698.png,1
10699.png,1
10701.png,1
10703.png,1
10704.png,1
10705.png,1
10706.png,1
10708.png,1
10710.png,1
10711.png,1
10712.png,1
10714.png,1
10715.png,1
10716.png,1
10717.png,1
10718.png,1
1072.png,1
10720.png,1
10721.png,1
10722.png,1
10725.png,1
10726.png,1
10727.png,1
10728.png,1
10731.png,1
10732.png,1
10734.png,1
10737.png,1
10738.png,1
10739.png,1
10740.png,1
10742.png,1
10744.png,1
10746.png,1
10748.png,1
1075.png,1
10751.png,1
10752.png,1
10753.png,1
10756.png,1
10758.png,1
10759.png,1
1076.png,1
10761.png,1
10764.png,1
10765.png,1
10766.png,1
10768.png,1
10769.png,1
10770.png,1
10771.png,1
10772.png,1
10773.png,1
10774.png,1
10776.png,1
10778.png,1
1078.png,1
10781.png,1
10784.png,1
10785.png,1
10786.png,1
10787.png,1
10788.png,1
10789.png,1
10790.png,1
10791.png,1
10792.png,1
10793.png,1
10794.png,1
10795.png,1
10796.png,1
10797.png,1
10799.png,1
10800.png,1
10802.png,1
10804.png,1
10805.png,1
10806.png,1
10807.png,1
10808.png,1
10809.png,1
1081.png,1
10810.png,1
10811.png,1
10812.png,1
10813.png,1
10815.png,1
10816.png,1
10817.png,1
10818.png,1
10819.png,1
10821.png,1
10823.png,1
10825.png,1
10826.png,1
10827.png,1
10828.png,1
10829.png,1
10831.png,1
10832.png,1
10833.png,1
10834.png,1
10836.png,1
10837.png,1
10838.png,1
1084.png,1
10840.png,1
10841.png,1
10843.png,1
10844.png,1
10845.png,1
10847.png,1
10849.png,1
1085.png,1
10851.png,1
10852.png,1
10853.png,1
10854.png,1
10855.png,1
10856.png,1
10857.png,1
1086.png,1
10860.png,1
10861.png,1
10862.png,1
10864.png,1
10865.png,1
10866.png,1
10867.png,1
10868.png,1
10869.png,1
10871.png,1
10875.png,1
10877.png,1
10878.png,1
10879.png,1
10880.png,1
10881.png,1
10882.png,1
10884.png,1
10885.png,1
10886.png,1
10888.png,1
10889.png,1
1089.png,1
10891.png,1
10892.png,1
10893.png,1
10894.png,1
10897.png,1
10898.png,1
10899.png,1
10900.png,1
10901.png,1
10902.png,1
10904.png,1
10905.png,1
10908.png,1
10909.png,1
1091.png,1
10910.png,1
10911.png,1
10914.png,1
10915.png,1
10917.png,1
10919.png,1
1092.png,1
10920.png,1
10921.png,1
10922.png,1
10923.png,1
10924.png,1
10926.png,1
10927.png,1
10928.png,1
1093.png,1
10931.png,1
10932.png,1
10933.png,1
10934.png,1
10936.png,1
10937.png,1
10938.png,1
10939.png,1
10941.png,1
10943.png,1
10944.png,1
10945.png,1
10947.png,1
10949.png,1
1095.png,1
10950.png,1
10951.png,1
10952.png,1
10953.png,1
10954.png,1
10955.png,1
10958.png,1
10959.png,1
1096.png,1
10960.png,1
10961.png,1
10962.png,1
10963.png,1
10964.png,1
10965.png,1
10966.png,1
10967.png,1
10969.png,1
1097.png,1
10971.png,1
10972.png,1
10974.png,1
10975.png,1
10976.png,1
10977.png,1
10978.png,1
10979.png,1
1098.png,1
10981.png,1
10982.png,1
10983.png,1
10987.png,1
10988.png,1
10989.png,1
1099.png,1
10990.png,1
10991.png,1
10993.png,1
10994.png,1
10995.png,1
10997.png,1
10998.png,1
10999.png,1
